{"compostable": [115.0, 88.0, 150.99999999999997], "recyclable": [115.0, 88.0, 150.99999999999997], "trash": [115.0, 88.0, 150.99999999999997], "workforceNeeded": [3, 2, 2], "specialEquipmentNeeded": [1, 1, 2]}